{"stats":{"minecraft:used":{"minecraft:stone_bricks":283,"minecraft:redstone_torch":73,"minecraft:glass":42,"minecraft:stone_brick_slab":3,"minecraft:lever":4,"minecraft:repeater":15,"minecraft:rail":127,"minecraft:villager_spawn_egg":39,"minecraft:snow_block":4,"minecraft:grass_block":37,"minecraft:redstone":34,"minecraft:powered_rail":256,"minecraft:minecart":101,"minecraft:tnt_minecart":6,"minecraft:redstone_block":118,"minecraft:powder_snow_bucket":4},"minecraft:picked_up":{"minecraft:repeater":1,"minecraft:stone_bricks":1,"minecraft:lever":2,"minecraft:redstone_torch":7,"minecraft:stone_button":1,"minecraft:powered_rail":11,"minecraft:redstone":1,"minecraft:rail":6},"minecraft:custom":{"minecraft:time_since_rest":40634,"minecraft:deaths":1,"minecraft:crouch_one_cm":5952,"minecraft:play_time":112815,"minecraft:sprint_one_cm":41797,"minecraft:damage_taken":260,"minecraft:walk_one_cm":50671,"minecraft:sneak_time":4550,"minecraft:walk_under_water_one_cm":180,"minecraft:drop":2,"minecraft:jump":362,"minecraft:minecart_one_cm":3891369,"minecraft:damage_dealt":285,"minecraft:leave_game":1,"minecraft:walk_on_water_one_cm":56,"minecraft:time_since_death":40603,"minecraft:total_world_time":112815,"minecraft:talked_to_villager":8,"minecraft:fly_one_cm":1141412},"minecraft:dropped":{"minecraft:stone_bricks":1,"minecraft:minecart":1}},"DataVersion":4058}