{"stats":{"minecraft:custom":{"minecraft:time_since_rest":32355,"minecraft:open_chest":12,"minecraft:crouch_one_cm":851,"minecraft:sprint_one_cm":13943,"minecraft:play_time":32355,"minecraft:walk_one_cm":22145,"minecraft:sneak_time":911,"minecraft:mob_kills":33,"minecraft:drop":1,"minecraft:jump":254,"minecraft:minecart_one_cm":43833,"minecraft:damage_dealt":6282,"minecraft:leave_game":4,"minecraft:time_since_death":32355,"minecraft:total_world_time":58089,"minecraft:fly_one_cm":555838,"minecraft:inspect_dispenser":6},"minecraft:dropped":{"minecraft:minecart":1},"minecraft:used":{"minecraft:redstone_torch":4,"minecraft:glass":3,"minecraft:wooden_axe":4,"minecraft:lever":4,"minecraft:netherite_sword":73,"minecraft:rail":3,"minecraft:villager_spawn_egg":19,"minecraft:written_book":6,"minecraft:powered_rail":3,"minecraft:grass_block":11,"minecraft:dispenser":7,"minecraft:redstone":6,"minecraft:oak_button":1,"minecraft:minecart":17,"minecraft:chest":1,"minecraft:stone_bricks":16},"minecraft:picked_up":{"minecraft:redstone_torch":2,"minecraft:written_book":432,"minecraft:oak_button":2,"minecraft:minecart":2,"minecraft:powered_rail":13,"minecraft:rail":3},"minecraft:killed":{"minecraft:villager":33}},"DataVersion":4082}