{"stats":{"minecraft:killed":{"minecraft:magma_cube":12,"minecraft:iron_golem":1,"minecraft:goat":2,"minecraft:villager":18},"minecraft:used":{"minecraft:water_bucket":18,"minecraft:netherite_sword":23,"minecraft:writable_book":9,"minecraft:flint_and_steel":6,"minecraft:redstone":376,"minecraft:dispenser":3,"minecraft:powered_rail":524,"minecraft:lime_wool":68,"minecraft:oak_sign":32,"minecraft:iron_golem_spawn_egg":1,"minecraft:chest":2,"minecraft:wither_skeleton_spawn_egg":2,"minecraft:redstone_block":371,"minecraft:cauldron":4,"minecraft:llama_spawn_egg":1,"minecraft:waxed_oxidized_copper_trapdoor":3,"minecraft:horse_spawn_egg":3,"minecraft:netherrack":2,"minecraft:white_wool":9,"minecraft:mooshroom_spawn_egg":1,"minecraft:rail":154,"minecraft:target":64,"minecraft:comparator":34,"minecraft:oak_slab":3,"minecraft:blue_stained_glass":44,"minecraft:note_block":1,"minecraft:blue_concrete":430,"minecraft:snowball":76,"minecraft:creeper_spawn_egg":1,"minecraft:redstone_torch":61,"minecraft:sticky_piston":27,"minecraft:glass":199,"minecraft:enderman_spawn_egg":1,"minecraft:stone_brick_slab":6,"minecraft:piston":18,"minecraft:lever":7,"minecraft:hoglin_spawn_egg":2,"minecraft:activator_rail":8,"minecraft:black_concrete":93,"minecraft:lava_bucket":8,"minecraft:villager_spawn_egg":35,"minecraft:grass_block":40,"minecraft:light_weighted_pressure_plate":6,"minecraft:panda_spawn_egg":1,"minecraft:oak_button":19,"minecraft:string":44,"minecraft:stone_button":26,"minecraft:tnt_minecart":2,"minecraft:detector_rail":7,"minecraft:stone_slab":4,"minecraft:piglin_brute_spawn_egg":1,"minecraft:pink_wool":32,"minecraft:stone_bricks":892,"minecraft:magma_cube_spawn_egg":6,"minecraft:tripwire_hook":18,"minecraft:repeater":85,"minecraft:redstone_lamp":99,"minecraft:magma_block":1,"minecraft:iron_trapdoor":4,"minecraft:netherite_pickaxe":8,"minecraft:minecart":203,"minecraft:goat_spawn_egg":4,"minecraft:stone_pressure_plate":2,"minecraft:observer":69,"minecraft:powder_snow_bucket":34,"minecraft:waxed_copper_bulb":10},"minecraft:custom":{"minecraft:mob_kills":34,"minecraft:fill_cauldron":4,"minecraft:leave_game":2,"minecraft:time_since_death":67550,"minecraft:time_since_rest":67570,"minecraft:sprint_one_cm":41248,"minecraft:damage_taken":4120,"minecraft:walk_one_cm":180403,"minecraft:drop":5,"minecraft:damage_dealt":4646,"minecraft:minecart_one_cm":11730001,"minecraft:fly_one_cm":904987,"minecraft:open_chest":4,"minecraft:crouch_one_cm":745,"minecraft:play_time":271167,"minecraft:deaths":4,"minecraft:sneak_time":5720,"minecraft:walk_under_water_one_cm":1688,"minecraft:jump":711,"minecraft:walk_on_water_one_cm":1416,"minecraft:total_world_time":280468,"minecraft:fall_one_cm":41430,"minecraft:inspect_dispenser":4},"minecraft:picked_up":{"minecraft:magma_cream":555,"minecraft:repeater":2,"minecraft:tripwire_hook":4,"minecraft:leather":3,"minecraft:gunpowder":2,"minecraft:sticky_piston":1,"minecraft:bone":1,"minecraft:stone_bricks":1,"minecraft:activator_rail":3,"minecraft:gold_nugget":1,"minecraft:comparator":1,"minecraft:iron_ingot":5,"minecraft:light_weighted_pressure_plate":1,"minecraft:beef":3,"minecraft:redstone_torch":5,"minecraft:poppy":1,"minecraft:bamboo":1,"minecraft:minecart":3,"minecraft:powered_rail":17,"minecraft:lava_bucket":2,"minecraft:villager_spawn_egg":65,"minecraft:redstone":17,"minecraft:rotten_flesh":3,"minecraft:lever":65,"minecraft:oak_button":6,"minecraft:rail":3,"minecraft:ender_pearl":1},"minecraft:dropped":{"minecraft:minecart":2,"minecraft:sticky_piston":1,"minecraft:villager_spawn_egg":65}},"DataVersion":4058}